{"Th\u00e0nh ph\u1ed1 C\u1ea7n Th\u01a1": ["Qu\u1eadn Ninh Ki\u1ec1u", "Huy\u1ec7n C\u1edd \u0110\u1ecf", "Huy\u1ec7n Phong \u0110i\u1ec1n", "Huy\u1ec7n Th\u1edbi Lai", "Huy\u1ec7n V\u0129nh Th\u1ea1nh", "Qu\u1eadn \u00d4 M\u00f4n", "Qu\u1eadn Th\u1ed1t N\u1ed1t", "Qu\u1eadn B\u00ecnh Thu\u1ef7", "Qu\u1eadn C\u00e1i R\u0103ng"], "Th\u00e0nh ph\u1ed1 \u0110\u00e0 N\u1eb5ng": ["Huy\u1ec7n H\u00f2a Vang", "Huy\u1ec7n Ho\u00e0ng Sa", "Qu\u1eadn C\u1ea9m L\u1ec7", "Qu\u1eadn H\u1ea3i Ch\u00e2u", "Qu\u1eadn Li\u00ean Chi\u1ec3u", "Qu\u1eadn Ng\u0169 H\u00e0nh S\u01a1n", "Qu\u1eadn S\u01a1n Tr\u00e0", "Qu\u1eadn Thanh Kh\u00ea"], "Th\u00e0nh ph\u1ed1 H\u00e0 N\u1ed9i": ["Qu\u1eadn Ba \u0110\u00ecnh", "Qu\u1eadn C\u1ea7u Gi\u1ea5y", "Qu\u1eadn \u0110\u1ed1ng \u0110a", "Qu\u1eadn Hai B\u00e0 Tr\u01b0ng", "Qu\u1eadn Ho\u00e0n Ki\u1ebfm", "Qu\u1eadn Ho\u00e0ng Mai", "Qu\u1eadn T\u00e2y H\u1ed3", "Qu\u1eadn Thanh Xu\u00e2n", "Huy\u1ec7n \u0110an Ph\u01b0\u1ee3ng", "Huy\u1ec7n \u0110\u00f4ng Anh", "Huy\u1ec7n M\u00ea Linh", "Huy\u1ec7n Ph\u00fac Th\u1ecd", "Huy\u1ec7n Qu\u1ed1c Oai", "Huy\u1ec7n Th\u1ea1ch Th\u1ea5t", "Huy\u1ec7n Th\u01b0\u1eddng T\u00edn", "Huy\u1ec7n Ba V\u00ec", "Huy\u1ec7n Ch\u01b0\u01a1ng M\u1ef9", "Huy\u1ec7n Gia L\u00e2m", "Huy\u1ec7n Ho\u00e0i \u0110\u1ee9c", "Huy\u1ec7n M\u1ef9 \u0110\u1ee9c", "Huy\u1ec7n Ph\u00fa Xuy\u00ean", "Huy\u1ec7n S\u00f3c S\u01a1n", "Huy\u1ec7n Thanh Oai", "Huy\u1ec7n Thanh Tr\u00ec", "Huy\u1ec7n \u1ee8ng H\u00f2a", "Th\u1ecb x\u00e3 S\u01a1n T\u00e2y", "Qu\u1eadn B\u1eafc T\u1eeb Li\u00eam", "Qu\u1eadn H\u00e0 \u0110\u00f4ng", "Qu\u1eadn Long Bi\u00ean", "Qu\u1eadn Nam T\u1eeb Li\u00eam"], "Th\u00e0nh ph\u1ed1 H\u1ea3i Ph\u00f2ng": ["Qu\u1eadn H\u1ea3i An", "Qu\u1eadn H\u1ed3ng B\u00e0ng", "Qu\u1eadn L\u00ea Ch\u00e2n", "Qu\u1eadn Ng\u00f4 Quy\u1ec1n", "Huy\u1ec7n An D\u01b0\u01a1ng", "Huy\u1ec7n An L\u00e3o", "Huy\u1ec7n B\u1ea1ch Long V\u0129", "Huy\u1ec7n C\u00e1t H\u1ea3i", "Huy\u1ec7n Ki\u1ebfn Thu\u1ef5", "Huy\u1ec7n Thu\u1ef7 Nguy\u00ean", "Huy\u1ec7n Ti\u00ean L\u00e3ng", "Huy\u1ec7n V\u0129nh B\u1ea3o", "Qu\u1eadn D\u01b0\u01a1ng Kinh", "Qu\u1eadn \u0110\u1ed3 S\u01a1n", "Qu\u1eadn Ki\u1ebfn An"], "Th\u00e0nh ph\u1ed1 H\u1ed3 Ch\u00ed Minh": ["Qu\u1eadn 1", "Qu\u1eadn 10", "Qu\u1eadn 11", "Qu\u1eadn 2", "Qu\u1eadn 3", "Qu\u1eadn 4", "Qu\u1eadn 5", "Qu\u1eadn 6", "Qu\u1eadn 7", "Qu\u1eadn 8", "Qu\u1eadn B\u00ecnh Th\u1ea1nh", "Qu\u1eadn G\u00f2 V\u1ea5p", "Qu\u1eadn Ph\u00fa Nhu\u1eadn", "Qu\u1eadn T\u00e2n B\u00ecnh", "Qu\u1eadn T\u00e2n Ph\u00fa", "Qu\u1eadn 12", "Qu\u1eadn 9", "Qu\u1eadn B\u00ecnh T\u00e2n", "Qu\u1eadn Th\u1ee7 \u0110\u1ee9c", "Huy\u1ec7n B\u00ecnh Ch\u00e1nh", "Huy\u1ec7n C\u1ea7n Gi\u1edd", "Huy\u1ec7n C\u1ee7 Chi", "Huy\u1ec7n H\u00f3c M\u00f4n", "Huy\u1ec7n Nh\u00e0 B\u00e8"], "T\u1ec9nh An Giang": ["Th\u00e0nh ph\u1ed1 Long Xuy\u00ean", "Huy\u1ec7n An Ph\u00fa", "Huy\u1ec7n Ch\u00e2u Ph\u00fa", "Huy\u1ec7n Ch\u00e2u Th\u00e0nh", "Huy\u1ec7n Ch\u1ee3 M\u1edbi", "Huy\u1ec7n Ph\u00fa T\u00e2n", "Huy\u1ec7n Tho\u1ea1i S\u01a1n", "Huy\u1ec7n T\u1ecbnh Bi\u00ean", "Huy\u1ec7n Tri T\u00f4n", "Th\u00e0nh ph\u1ed1 Ch\u00e2u \u0110\u1ed1c", "Th\u1ecb x\u00e3 T\u00e2n Ch\u00e2u"], "T\u1ec9nh B\u00e0 R\u1ecba - V\u0169ng T\u00e0u": ["Th\u00e0nh ph\u1ed1 V\u0169ng T\u00e0u", "Huy\u1ec7n Ch\u00e2u \u0110\u1ee9c", "Huy\u1ec7n C\u00f4n \u0110\u1ea3o", "Huy\u1ec7n \u0110\u1ea5t \u0110\u1ecf", "Huy\u1ec7n Long \u0110i\u1ec1n", "Huy\u1ec7n Xuy\u00ean M\u1ed9c", "Th\u1ecb x\u00e3 Ph\u00fa M\u1ef9", "Th\u00e0nh ph\u1ed1 B\u00e0 R\u1ecba"], "T\u1ec9nh B\u1eafc Giang": ["Th\u00e0nh ph\u1ed1 B\u1eafc Giang", "Huy\u1ec7n Hi\u1ec7p H\u00f2a", "Huy\u1ec7n L\u1ea1ng Giang", "Huy\u1ec7n L\u1ee5c Nam", "Huy\u1ec7n L\u1ee5c Ng\u1ea1n", "Huy\u1ec7n S\u01a1n \u0110\u1ed9ng", "Huy\u1ec7n T\u00e2n Y\u00ean", "Huy\u1ec7n Vi\u1ec7t Y\u00ean", "Huy\u1ec7n Y\u00ean D\u0169ng", "Huy\u1ec7n Y\u00ean Th\u1ebf"], "T\u1ec9nh B\u1eafc K\u1ea1n": ["Th\u00e0nh Ph\u1ed1 B\u1eafc K\u1ea1n", "Huy\u1ec7n Ba B\u1ec3", "Huy\u1ec7n B\u1ea1ch Th\u00f4ng", "Huy\u1ec7n Ch\u1ee3 \u0110\u1ed3n", "Huy\u1ec7n Ch\u1ee3 M\u1edbi", "Huy\u1ec7n Na R\u00ec", "Huy\u1ec7n Ng\u00e2n S\u01a1n", "Huy\u1ec7n P\u00e1c N\u1eb7m"], "T\u1ec9nh B\u1ea1c Li\u00eau": ["Th\u00e0nh ph\u1ed1 B\u1ea1c Li\u00eau", "Huy\u1ec7n \u0110\u00f4ng H\u1ea3i", "Huy\u1ec7n Ho\u00e0 B\u00ecnh", "Huy\u1ec7n H\u1ed3ng D\u00e2n", "Huy\u1ec7n Ph\u01b0\u1edbc Long", "Huy\u1ec7n V\u0129nh L\u1ee3i", "Th\u1ecb x\u00e3 Gi\u00e1 Rai"], "T\u1ec9nh B\u1eafc Ninh": ["Th\u00e0nh ph\u1ed1 B\u1eafc Ninh", "Huy\u1ec7n Gia B\u00ecnh", "Huy\u1ec7n L\u01b0\u01a1ng T\u00e0i", "Huy\u1ec7n Qu\u1ebf V\u00f5", "Huy\u1ec7n Thu\u1eadn Th\u00e0nh", "Huy\u1ec7n Ti\u00ean Du", "Huy\u1ec7n Y\u00ean Phong", "Th\u00e0nh ph\u1ed1 T\u1eeb S\u01a1n"], "T\u1ec9nh B\u1ebfn Tre": ["Th\u00e0nh ph\u1ed1 B\u1ebfn Tre", "Huy\u1ec7n Ba Tri", "Huy\u1ec7n B\u00ecnh \u0110\u1ea1i", "Huy\u1ec7n Ch\u00e2u Th\u00e0nh", "Huy\u1ec7n Ch\u1ee3 L\u00e1ch", "Huy\u1ec7n Gi\u1ed3ng Tr\u00f4m", "Huy\u1ec7n M\u1ecf C\u00e0y B\u1eafc", "Huy\u1ec7n M\u1ecf C\u00e0y Nam", "Huy\u1ec7n Th\u1ea1nh Ph\u00fa"], "T\u1ec9nh B\u00ecnh D\u01b0\u01a1ng": ["Huy\u1ec7n B\u1eafc T\u00e2n Uy\u00ean", "Huy\u1ec7n B\u00e0u B\u00e0ng", "Huy\u1ec7n D\u1ea7u Ti\u1ebfng", "Huy\u1ec7n Ph\u00fa Gi\u00e1o", "Th\u00e0nh ph\u1ed1 D\u0129 An", "Th\u00e0nh ph\u1ed1 Thu\u1eadn An", "Th\u1ecb x\u00e3 B\u1ebfn C\u00e1t", "Th\u1ecb x\u00e3 T\u00e2n Uy\u00ean", "Th\u00e0nh ph\u1ed1 Th\u1ee7 D\u1ea7u M\u1ed9t"], "T\u1ec9nh B\u00ecnh \u0110\u1ecbnh": ["Th\u00e0nh ph\u1ed1 Quy Nh\u01a1n", "Huy\u1ec7n An L\u00e3o", "Huy\u1ec7n Ho\u00e0i \u00c2n", "Huy\u1ec7n Ph\u00f9 C\u00e1t", "Huy\u1ec7n Ph\u00f9 M\u1ef9", "Huy\u1ec7n T\u00e2y S\u01a1n", "Huy\u1ec7n Tuy Ph\u01b0\u1edbc", "Huy\u1ec7n V\u00e2n Canh", "Huy\u1ec7n V\u0129nh Th\u1ea1nh", "Th\u1ecb x\u00e3 An Nh\u01a1n", "Th\u1ecb x\u00e3 Ho\u00e0i Nh\u01a1n"], "T\u1ec9nh B\u00ecnh Ph\u01b0\u1edbc": ["Th\u00e0nh ph\u1ed1 \u0110\u1ed3ng Xo\u00e0i", "Huy\u1ec7n B\u00f9 \u0110\u0103ng", "Huy\u1ec7n B\u00f9 \u0110\u1ed1p", "Huy\u1ec7n B\u00f9 Gia M\u1eadp", "Huy\u1ec7n \u0110\u1ed3ng Ph\u00fa", "Huy\u1ec7n H\u1edbn Qu\u1ea3n", "Huy\u1ec7n L\u1ed9c Ninh", "Huy\u1ec7n Ph\u00fa Ri\u1ec1ng", "Th\u1ecb x\u00e3 B\u00ecnh Long", "Th\u1ecb x\u00e3 Ch\u01a1n Th\u00e0nh", "Th\u1ecb x\u00e3 Ph\u01b0\u1edbc Long"], "T\u1ec9nh B\u00ecnh Thu\u1eadn": ["Th\u00e0nh ph\u1ed1 Phan Thi\u1ebft", "Huy\u1ec7n B\u1eafc B\u00ecnh", "Huy\u1ec7n \u0110\u1ee9c Linh", "Huy\u1ec7n H\u00e0m T\u00e2n", "Huy\u1ec7n H\u00e0m Thu\u1eadn B\u1eafc", "Huy\u1ec7n H\u00e0m Thu\u1eadn Nam", "Huy\u1ec7n Ph\u00fa Qu\u00ed", "Huy\u1ec7n T\u00e1nh Linh", "Huy\u1ec7n Tuy Phong", "Th\u1ecb x\u00e3 La Gi"], "T\u1ec9nh C\u00e0 Mau": ["Th\u00e0nh ph\u1ed1 C\u00e0 Mau", "Huy\u1ec7n C\u00e1i N\u01b0\u1edbc", "Huy\u1ec7n \u0110\u1ea7m D\u01a1i", "Huy\u1ec7n N\u0103m C\u0103n", "Huy\u1ec7n Ng\u1ecdc Hi\u1ec3n", "Huy\u1ec7n Ph\u00fa T\u00e2n", "Huy\u1ec7n Th\u1edbi B\u00ecnh", "Huy\u1ec7n Tr\u1ea7n V\u0103n Th\u1eddi", "Huy\u1ec7n U Minh"], "T\u1ec9nh Cao B\u1eb1ng": ["Th\u00e0nh ph\u1ed1 Cao B\u1eb1ng", "Huy\u1ec7n B\u1ea3o L\u1ea1c", "Huy\u1ec7n B\u1ea3o L\u00e2m", "Huy\u1ec7n H\u1ea1 Lang", "Huy\u1ec7n H\u00e0 Qu\u1ea3ng", "Huy\u1ec7n Ho\u00e0 An", "Huy\u1ec7n Nguy\u00ean B\u00ecnh", "Huy\u1ec7n Ph\u1ee5c Ho\u00e0", "Huy\u1ec7n Qu\u1ea3ng H\u00f2a", "Huy\u1ec7n Th\u1ea1ch An", "Huy\u1ec7n Th\u00f4ng N\u00f4ng", "Huy\u1ec7n Tr\u00e0 L\u0129nh", "Huy\u1ec7n Tr\u00f9ng Kh\u00e1nh"], "T\u1ec9nh \u0110\u1eafk L\u1eafk": ["Th\u00e0nh ph\u1ed1 Bu\u00f4n Ma Thu\u1ed9t", "Huy\u1ec7n Bu\u00f4n \u0110\u00f4n", "Huy\u1ec7n C\u01b0 Kuin", "Huy\u1ec7n C\u01b0 M'gar", "Huy\u1ec7n Ea H'leo", "Huy\u1ec7n Ea Kar", "Huy\u1ec7n Ea S\u00fap", "Huy\u1ec7n Kr\u00f4ng A Na", "Huy\u1ec7n Kr\u00f4ng B\u00f4ng", "Huy\u1ec7n Kr\u00f4ng B\u00fak", "Huy\u1ec7n Kr\u00f4ng N\u0103ng", "Huy\u1ec7n Kr\u00f4ng P\u1eafc", "Huy\u1ec7n L\u1eafk", "Huy\u1ec7n M'\u0110r\u1eafk", "Th\u1ecb X\u00e3 Bu\u00f4n H\u1ed3"], "T\u1ec9nh \u0110\u1eafk N\u00f4ng": ["Th\u00e0nh ph\u1ed1 Gia Ngh\u0129a", "Huy\u1ec7n C\u01b0 J\u00fat", "Huy\u1ec7n \u0110\u0103k Glong", "Huy\u1ec7n \u0110\u1eafk Mil", "Huy\u1ec7n \u0110\u1eafk R'L\u1ea5p", "Huy\u1ec7n \u0110\u1eafk Song", "Huy\u1ec7n Kr\u00f4ng N\u00f4", "Huy\u1ec7n Tuy \u0110\u1ee9c"], "T\u1ec9nh \u0110i\u1ec7n Bi\u00ean": ["Th\u00e0nh ph\u1ed1 \u0110i\u1ec7n Bi\u00ean Ph\u1ee7", "Huy\u1ec7n \u0110i\u1ec7n Bi\u00ean", "Huy\u1ec7n \u0110i\u1ec7n Bi\u00ean \u0110\u00f4ng", "Huy\u1ec7n M\u01b0\u1eddng \u1ea2ng", "Huy\u1ec7n M\u01b0\u1eddng Ch\u00e0", "Huy\u1ec7n M\u01b0\u1eddng Nh\u00e9", "Huy\u1ec7n N\u1eadm P\u1ed3", "Huy\u1ec7n T\u1ee7a Ch\u00f9a", "Huy\u1ec7n Tu\u1ea7n Gi\u00e1o", "Th\u1ecb X\u00e3 M\u01b0\u1eddng Lay"], "T\u1ec9nh \u0110\u1ed3ng Nai": ["Th\u00e0nh ph\u1ed1 Bi\u00ean H\u00f2a", "Huy\u1ec7n C\u1ea9m M\u1ef9", "Huy\u1ec7n \u0110\u1ecbnh Qu\u00e1n", "Huy\u1ec7n Long Th\u00e0nh", "Huy\u1ec7n Nh\u01a1n Tr\u1ea1ch", "Huy\u1ec7n T\u00e2n Ph\u00fa", "Huy\u1ec7n Th\u1ed1ng Nh\u1ea5t", "Huy\u1ec7n Tr\u1ea3ng Bom", "Huy\u1ec7n V\u0129nh C\u1eedu", "Huy\u1ec7n Xu\u00e2n L\u1ed9c", "Th\u00e0nh ph\u1ed1 Long Kh\u00e1nh"], "T\u1ec9nh \u0110\u1ed3ng Th\u00e1p": ["Th\u00e0nh ph\u1ed1 Sa \u0110\u00e9c", "Huy\u1ec7n Cao L\u00e3nh", "Huy\u1ec7n H\u1ed3ng Ng\u1ef1", "Huy\u1ec7n Tam N\u00f4ng", "Huy\u1ec7n T\u00e2n H\u1ed3ng", "Huy\u1ec7n Thanh B\u00ecnh", "Huy\u1ec7n Th\u00e1p M\u01b0\u1eddi", "Th\u00e0nh ph\u1ed1 H\u1ed3ng Ng\u1ef1", "Huy\u1ec7n Ch\u00e2u Th\u00e0nh", "Huy\u1ec7n Lai Vung", "Huy\u1ec7n L\u1ea5p V\u00f2", "Th\u00e0nh ph\u1ed1 Cao L\u00e3nh"], "T\u1ec9nh Gia Lai": ["Th\u00e0nh ph\u1ed1 Pleiku", "Huy\u1ec7n Ch\u01b0 P\u0103h", "Huy\u1ec7n Ch\u01b0 Pr\u00f4ng", "Huy\u1ec7n Ch\u01b0 P\u01b0h", "Huy\u1ec7n Ch\u01b0 S\u00ea", "Huy\u1ec7n \u0110\u0103k \u0110oa", "Huy\u1ec7n \u0110\u0103k P\u01a1", "Huy\u1ec7n \u0110\u1ee9c C\u01a1", "Huy\u1ec7n Ia Grai", "Huy\u1ec7n Ia Pa", "Huy\u1ec7n KBang", "Huy\u1ec7n K\u00f4ng Chro", "Huy\u1ec7n Kr\u00f4ng Pa", "Huy\u1ec7n Mang Yang", "Huy\u1ec7n Ph\u00fa Thi\u1ec7n", "Th\u1ecb x\u00e3 An Kh\u00ea", "Th\u1ecb x\u00e3 Ayun Pa"], "T\u1ec9nh H\u00e0 Giang": ["Th\u00e0nh ph\u1ed1 H\u00e0 Giang", "Huy\u1ec7n B\u1eafc M\u00ea", "Huy\u1ec7n B\u1eafc Quang", "Huy\u1ec7n \u0110\u1ed3ng V\u0103n", "Huy\u1ec7n Ho\u00e0ng Su Ph\u00ec", "Huy\u1ec7n M\u00e8o V\u1ea1c", "Huy\u1ec7n Qu\u1ea3n B\u1ea1", "Huy\u1ec7n Quang B\u00ecnh", "Huy\u1ec7n V\u1ecb Xuy\u00ean", "Huy\u1ec7n X\u00edn M\u1ea7n", "Huy\u1ec7n Y\u00ean Minh"], "T\u1ec9nh H\u00e0 Nam": ["Th\u00e0nh ph\u1ed1 Ph\u1ee7 L\u00fd", "Huy\u1ec7n B\u00ecnh L\u1ee5c", "Huy\u1ec7n Kim B\u1ea3ng", "Huy\u1ec7n L\u00fd Nh\u00e2n", "Huy\u1ec7n Thanh Li\u00eam", "Th\u1ecb x\u00e3 Duy Ti\u00ean"], "T\u1ec9nh H\u00e0 T\u0129nh": ["Th\u00e0nh ph\u1ed1 H\u00e0 T\u0129nh", "Huy\u1ec7n C\u1ea9m Xuy\u00ean", "Huy\u1ec7n Can L\u1ed9c", "Huy\u1ec7n \u0110\u1ee9c Th\u1ecd", "Huy\u1ec7n H\u01b0\u01a1ng Kh\u00ea", "Huy\u1ec7n H\u01b0\u01a1ng S\u01a1n", "Huy\u1ec7n K\u1ef3 Anh", "Huy\u1ec7n L\u1ed9c H\u00e0", "Huy\u1ec7n Nghi Xu\u00e2n", "Huy\u1ec7n Th\u1ea1ch H\u00e0", "Huy\u1ec7n V\u0169 Quang", "Th\u1ecb x\u00e3 H\u1ed3ng L\u0129nh", "Th\u1ecb x\u00e3 K\u1ef3 Anh"], "T\u1ec9nh H\u1ea3i D\u01b0\u01a1ng": ["Th\u00e0nh ph\u1ed1 H\u1ea3i D\u01b0\u01a1ng", "Huy\u1ec7n B\u00ecnh Giang", "Huy\u1ec7n C\u1ea9m Gi\u00e0ng", "Huy\u1ec7n Gia L\u1ed9c", "Huy\u1ec7n Kim Th\u00e0nh", "Huy\u1ec7n Nam S\u00e1ch", "Huy\u1ec7n Ninh Giang", "Huy\u1ec7n Thanh H\u00e0", "Huy\u1ec7n Thanh Mi\u1ec7n", "Huy\u1ec7n T\u1ee9 K\u1ef3", "Th\u00e0nh ph\u1ed1 Ch\u00ed Linh", "Th\u1ecb x\u00e3 Kinh M\u00f4n"], "T\u1ec9nh H\u1eadu Giang": ["Th\u00e0nh ph\u1ed1 V\u1ecb Thanh", "Huy\u1ec7n Ch\u00e2u Th\u00e0nh", "Huy\u1ec7n Ch\u00e2u Th\u00e0nh A", "Huy\u1ec7n Long M\u1ef9", "Huy\u1ec7n Ph\u1ee5ng Hi\u1ec7p", "Huy\u1ec7n V\u1ecb Thu\u1ef7", "Th\u00e0nh ph\u1ed1 Ng\u00e3 B\u1ea3y", "Th\u1ecb x\u00e3 Long M\u1ef9"], "T\u1ec9nh Ho\u00e0 B\u00ecnh": ["Th\u00e0nh ph\u1ed1 H\u00f2a B\u00ecnh", "Huy\u1ec7n Cao Phong", "Huy\u1ec7n \u0110\u00e0 B\u1eafc", "Huy\u1ec7n Kim B\u00f4i", "Huy\u1ec7n K\u1ef3 S\u01a1n", "Huy\u1ec7n L\u1ea1c S\u01a1n", "Huy\u1ec7n L\u1ea1c Th\u1ee7y", "Huy\u1ec7n L\u01b0\u01a1ng S\u01a1n", "Huy\u1ec7n Mai Ch\u00e2u", "Huy\u1ec7n T\u00e2n L\u1ea1c", "Huy\u1ec7n Y\u00ean Th\u1ee7y"], "T\u1ec9nh H\u01b0ng Y\u00ean": ["Huy\u1ec7n Kim \u0110\u1ed9ng", "Huy\u1ec7n \u00c2n Thi", "Huy\u1ec7n Kho\u00e1i Ch\u00e2u", "Huy\u1ec7n Ph\u00f9 C\u1eeb", "Huy\u1ec7n Ti\u00ean L\u1eef", "Huy\u1ec7n V\u0103n Giang", "Huy\u1ec7n V\u0103n L\u00e2m", "Huy\u1ec7n Y\u00ean M\u1ef9", "Th\u00e0nh ph\u1ed1 H\u01b0ng Y\u00ean", "Th\u1ecb x\u00e3 M\u1ef9 H\u00e0o"], "T\u1ec9nh Kh\u00e1nh H\u00f2a": ["Th\u00e0nh ph\u1ed1 Nha Trang", "Huy\u1ec7n Kh\u00e1nh S\u01a1n", "Huy\u1ec7n Kh\u00e1nh V\u0129nh", "Huy\u1ec7n Tr\u01b0\u1eddng Sa", "Huy\u1ec7n V\u1ea1n Ninh", "Huy\u1ec7n Cam L\u00e2m", "Huy\u1ec7n Di\u00ean Kh\u00e1nh", "Th\u00e0nh ph\u1ed1 Cam Ranh", "Th\u1ecb x\u00e3 Ninh H\u00f2a"], "T\u1ec9nh Ki\u00ean Giang": ["Th\u00e0nh ph\u1ed1 R\u1ea1ch Gi\u00e1", "Huy\u1ec7n An Bi\u00ean", "Huy\u1ec7n An Minh", "Huy\u1ec7n Ch\u00e2u Th\u00e0nh", "Huy\u1ec7n Giang Th\u00e0nh", "Huy\u1ec7n Gi\u1ed3ng Ri\u1ec1ng", "Huy\u1ec7n G\u00f2 Quao", "Huy\u1ec7n H\u00f2n \u0110\u1ea5t", "Huy\u1ec7n Ki\u00ean H\u1ea3i", "Huy\u1ec7n Ki\u00ean L\u01b0\u01a1ng", "Huy\u1ec7n T\u00e2n Hi\u1ec7p", "Huy\u1ec7n U Minh Th\u01b0\u1ee3ng", "Huy\u1ec7n V\u0129nh Thu\u1eadn", "Th\u00e0nh ph\u1ed1 H\u00e0 Ti\u00ean", "Th\u00e0nh ph\u1ed1 Ph\u00fa Qu\u1ed1c"], "T\u1ec9nh Kon Tum": ["Th\u00e0nh ph\u1ed1 Kon Tum", "Huy\u1ec7n \u0110\u1eafk Glei", "Huy\u1ec7n \u0110\u1eafk H\u00e0", "Huy\u1ec7n \u0110\u1eafk T\u00f4", "Huy\u1ec7n Ia H' Drai", "Huy\u1ec7n Kon Pl\u00f4ng", "Huy\u1ec7n Kon R\u1eaby", "Huy\u1ec7n Ng\u1ecdc H\u1ed3i", "Huy\u1ec7n Sa Th\u1ea7y", "Huy\u1ec7n Tu M\u01a1 R\u00f4ng"], "T\u1ec9nh Lai Ch\u00e2u": ["Th\u00e0nh ph\u1ed1 Lai Ch\u00e2u", "Huy\u1ec7n M\u01b0\u1eddng T\u00e8", "Huy\u1ec7n N\u1eadm Nh\u00f9n", "Huy\u1ec7n Phong Th\u1ed5", "Huy\u1ec7n S\u00ecn H\u1ed3", "Huy\u1ec7n Tam \u0110\u01b0\u1eddng", "Huy\u1ec7n T\u00e2n Uy\u00ean", "Huy\u1ec7n Than Uy\u00ean"], "T\u1ec9nh L\u00e2m \u0110\u1ed3ng": ["Huy\u1ec7n B\u1ea3o L\u00e2m", "Huy\u1ec7n C\u00e1t Ti\u00ean", "Huy\u1ec7n Di Linh", "Huy\u1ec7n \u0110\u1ea1 Huoai", "Huy\u1ec7n \u0110\u1ea1 T\u1ebbh", "Huy\u1ec7n \u0110am R\u00f4ng", "Huy\u1ec7n \u0110\u01a1n D\u01b0\u01a1ng", "Huy\u1ec7n L\u1ea1c D\u01b0\u01a1ng", "Huy\u1ec7n L\u00e2m H\u00e0", "Th\u00e0nh ph\u1ed1 B\u1ea3o L\u1ed9c", "Huy\u1ec7n \u0110\u1ee9c Tr\u1ecdng", "Th\u00e0nh ph\u1ed1 \u0110\u00e0 L\u1ea1t"], "T\u1ec9nh L\u1ea1ng S\u01a1n": ["Th\u00e0nh ph\u1ed1 L\u1ea1ng S\u01a1n", "Huy\u1ec7n B\u1eafc S\u01a1n", "Huy\u1ec7n B\u00ecnh Gia", "Huy\u1ec7n Cao L\u1ed9c", "Huy\u1ec7n Chi L\u0103ng", "Huy\u1ec7n \u0110\u00ecnh L\u1eadp", "Huy\u1ec7n H\u1eefu L\u0169ng", "Huy\u1ec7n L\u1ed9c B\u00ecnh", "Huy\u1ec7n Tr\u00e0ng \u0110\u1ecbnh", "Huy\u1ec7n V\u0103n L\u00e3ng", "Huy\u1ec7n V\u0103n Quan"], "T\u1ec9nh L\u00e0o Cai": ["Th\u00e0nh ph\u1ed1 L\u00e0o Cai", "Huy\u1ec7n B\u1eafc H\u00e0", "Huy\u1ec7n B\u1ea3o Th\u1eafng", "Huy\u1ec7n B\u1ea3o Y\u00ean", "Huy\u1ec7n B\u00e1t X\u00e1t", "Huy\u1ec7n M\u01b0\u1eddng Kh\u01b0\u01a1ng", "Huy\u1ec7n Si Ma Cai", "Huy\u1ec7n V\u0103n B\u00e0n", "Th\u1ecb x\u00e3 Sa Pa"], "T\u1ec9nh Long An": ["Th\u00e0nh ph\u1ed1 T\u00e2n An", "Huy\u1ec7n C\u1ea7n Giu\u1ed9c", "Huy\u1ec7n Ch\u00e2u Th\u00e0nh", "Huy\u1ec7n \u0110\u1ee9c H\u00f2a", "Huy\u1ec7n \u0110\u1ee9c Hu\u1ec7", "Huy\u1ec7n M\u1ed9c H\u00f3a", "Huy\u1ec7n T\u00e2n H\u01b0ng", "Huy\u1ec7n T\u00e2n Th\u1ea1nh", "Huy\u1ec7n T\u00e2n Tr\u1ee5", "Huy\u1ec7n V\u0129nh H\u01b0ng", "Th\u1ecb x\u00e3 Ki\u1ebfn T\u01b0\u1eddng", "Huy\u1ec7n B\u1ebfn L\u1ee9c", "Huy\u1ec7n C\u1ea7n \u0110\u01b0\u1edbc", "Huy\u1ec7n Th\u1ea1nh H\u00f3a", "Huy\u1ec7n Th\u1ee7 Th\u1eeba"], "T\u1ec9nh Nam \u0110\u1ecbnh": ["Th\u00e0nh ph\u1ed1 Nam \u0110\u1ecbnh", "Huy\u1ec7n Giao Th\u1ee7y", "Huy\u1ec7n H\u1ea3i H\u1eadu", "Huy\u1ec7n M\u1ef9 L\u1ed9c", "Huy\u1ec7n Nam Tr\u1ef1c", "Huy\u1ec7n Ngh\u0129a H\u01b0ng", "Huy\u1ec7n Tr\u1ef1c Ninh", "Huy\u1ec7n V\u1ee5 B\u1ea3n", "Huy\u1ec7n Xu\u00e2n Tr\u01b0\u1eddng", "Huy\u1ec7n \u00dd Y\u00ean"], "T\u1ec9nh Ngh\u1ec7 An": ["Th\u00e0nh ph\u1ed1 Vinh", "Huy\u1ec7n Anh S\u01a1n", "Huy\u1ec7n Con Cu\u00f4ng", "Huy\u1ec7n Di\u1ec5n Ch\u00e2u", "Huy\u1ec7n \u0110\u00f4 L\u01b0\u01a1ng", "Huy\u1ec7n H\u01b0ng Nguy\u00ean", "Huy\u1ec7n K\u1ef3 S\u01a1n", "Huy\u1ec7n Nam \u0110\u00e0n", "Huy\u1ec7n Nghi L\u1ed9c", "Huy\u1ec7n Ngh\u0129a \u0110\u00e0n", "Huy\u1ec7n Qu\u1ebf Phong", "Huy\u1ec7n Qu\u1ef3 Ch\u00e2u", "Huy\u1ec7n Qu\u1ef3 H\u1ee3p", "Huy\u1ec7n Qu\u1ef3nh L\u01b0u", "Huy\u1ec7n T\u00e2n K\u1ef3", "Huy\u1ec7n Thanh Ch\u01b0\u01a1ng", "Huy\u1ec7n T\u01b0\u01a1ng D\u01b0\u01a1ng", "Huy\u1ec7n Y\u00ean Th\u00e0nh", "Th\u1ecb x\u00e3 C\u1eeda L\u00f2", "Th\u1ecb x\u00e3 Ho\u00e0ng Mai", "Th\u1ecb x\u00e3 Th\u00e1i Ho\u00e0"], "T\u1ec9nh Ninh B\u00ecnh": ["Th\u00e0nh ph\u1ed1 Ninh B\u00ecnh", "Huy\u1ec7n Gia Vi\u1ec5n", "Huy\u1ec7n Hoa L\u01b0", "Huy\u1ec7n Kim S\u01a1n", "Huy\u1ec7n Nho Quan", "Huy\u1ec7n Y\u00ean Kh\u00e1nh", "Huy\u1ec7n Y\u00ean M\u00f4", "Th\u00e0nh ph\u1ed1 Tam \u0110i\u1ec7p"], "T\u1ec9nh Ninh Thu\u1eadn": ["Th\u00e0nh ph\u1ed1 Phan Rang-Th\u00e1p Ch\u00e0m", "Huy\u1ec7n B\u00e1c \u00c1i", "Huy\u1ec7n Ninh H\u1ea3i", "Huy\u1ec7n Ninh Ph\u01b0\u1edbc", "Huy\u1ec7n Ninh S\u01a1n", "Huy\u1ec7n Thu\u1eadn B\u1eafc", "Huy\u1ec7n Thu\u1eadn Nam"], "T\u1ec9nh Ph\u00fa Th\u1ecd": ["Th\u00e0nh ph\u1ed1 Vi\u1ec7t Tr\u00ec", "Huy\u1ec7n C\u1ea9m Kh\u00ea", "Huy\u1ec7n \u0110oan H\u00f9ng", "Huy\u1ec7n H\u1ea1 Ho\u00e0", "Huy\u1ec7n L\u00e2m Thao", "Huy\u1ec7n Ph\u00f9 Ninh", "Huy\u1ec7n Tam N\u00f4ng", "Huy\u1ec7n T\u00e2n S\u01a1n", "Huy\u1ec7n Thanh Ba", "Huy\u1ec7n Thanh S\u01a1n", "Huy\u1ec7n Thanh Thu\u1ef7", "Huy\u1ec7n Y\u00ean L\u1eadp", "Th\u1ecb x\u00e3 Ph\u00fa Th\u1ecd"], "T\u1ec9nh Ph\u00fa Y\u00ean": ["Th\u00e0nh ph\u1ed1 Tuy Ho\u00e0", "Huy\u1ec7n \u0110\u1ed3ng Xu\u00e2n", "Huy\u1ec7n Ph\u00fa Ho\u00e0", "Huy\u1ec7n S\u01a1n H\u00f2a", "Huy\u1ec7n S\u00f4ng Hinh", "Huy\u1ec7n T\u00e2y Ho\u00e0", "Huy\u1ec7n Tuy An", "Th\u1ecb x\u00e3 S\u00f4ng C\u1ea7u", "Th\u1ecb x\u00e3 \u0110\u00f4ng H\u00f2a"], "T\u1ec9nh Qu\u1ea3ng B\u00ecnh": ["Th\u00e0nh Ph\u1ed1 \u0110\u1ed3ng H\u1edbi", "Huy\u1ec7n B\u1ed1 Tr\u1ea1ch", "Huy\u1ec7n L\u1ec7 Th\u1ee7y", "Huy\u1ec7n Minh H\u00f3a", "Huy\u1ec7n Qu\u1ea3ng Ninh", "Huy\u1ec7n Qu\u1ea3ng Tr\u1ea1ch", "Huy\u1ec7n Tuy\u00ean H\u00f3a", "Th\u1ecb x\u00e3 Ba \u0110\u1ed3n"], "T\u1ec9nh Qu\u1ea3ng Nam": ["Th\u00e0nh ph\u1ed1 Tam K\u1ef3", "Huy\u1ec7n B\u1eafc Tr\u00e0 My", "Huy\u1ec7n Duy Xuy\u00ean", "Huy\u1ec7n \u0110\u1ea1i L\u1ed9c", "Huy\u1ec7n \u0110\u00f4ng Giang", "Huy\u1ec7n Hi\u1ec7p \u0110\u1ee9c", "Huy\u1ec7n Nam Giang", "Huy\u1ec7n Nam Tr\u00e0 My", "Huy\u1ec7n N\u00f4ng S\u01a1n", "Huy\u1ec7n N\u00fai Th\u00e0nh", "Huy\u1ec7n Ph\u00fa Ninh", "Huy\u1ec7n Ph\u01b0\u1edbc S\u01a1n", "Huy\u1ec7n Qu\u1ebf S\u01a1n", "Huy\u1ec7n T\u00e2y Giang", "Huy\u1ec7n Th\u0103ng B\u00ecnh", "Huy\u1ec7n Ti\u00ean Ph\u01b0\u1edbc", "Th\u00e0nh ph\u1ed1 H\u1ed9i An", "Th\u1ecb x\u00e3 \u0110i\u1ec7n B\u00e0n"], "T\u1ec9nh Qu\u1ea3ng Ng\u00e3i": ["Th\u00e0nh ph\u1ed1 Qu\u1ea3ng Ng\u00e3i", "Huy\u1ec7n Ba T\u01a1", "Huy\u1ec7n B\u00ecnh S\u01a1n", "Huy\u1ec7n L\u00fd S\u01a1n", "Huy\u1ec7n Minh Long", "Huy\u1ec7n M\u1ed9 \u0110\u1ee9c", "Huy\u1ec7n Ngh\u0129a H\u00e0nh", "Huy\u1ec7n S\u01a1n H\u00e0", "Huy\u1ec7n S\u01a1n T\u00e2y", "Huy\u1ec7n S\u01a1n T\u1ecbnh", "Huy\u1ec7n T\u00e2y Tr\u00e0", "Huy\u1ec7n Tr\u00e0 B\u1ed3ng", "Huy\u1ec7n T\u01b0 Ngh\u0129a", "Th\u1ecb x\u00e3 \u0110\u1ee9c Ph\u1ed5"], "T\u1ec9nh Qu\u1ea3ng Ninh": ["Huy\u1ec7n Ba Ch\u1ebd", "Huy\u1ec7n B\u00ecnh Li\u00eau", "Huy\u1ec7n C\u00f4 T\u00f4", "Huy\u1ec7n \u0110\u1ea7m H\u00e0", "Huy\u1ec7n H\u1ea3i H\u00e0", "Huy\u1ec7n Ho\u00e0nh B\u1ed3", "Huy\u1ec7n Ti\u00ean Y\u00ean", "Huy\u1ec7n V\u00e2n \u0110\u1ed3n", "Th\u00e0nh ph\u1ed1 C\u1ea9m Ph\u1ea3", "Th\u00e0nh ph\u1ed1 H\u1ea1 Long", "Th\u00e0nh ph\u1ed1 M\u00f3ng C\u00e1i", "Th\u00e0nh ph\u1ed1 U\u00f4ng B\u00ed", "Th\u1ecb x\u00e3 \u0110\u00f4ng Tri\u1ec1u", "Th\u1ecb x\u00e3 Qu\u1ea3ng Y\u00ean"], "T\u1ec9nh Qu\u1ea3ng Tr\u1ecb": ["Th\u00e0nh ph\u1ed1 \u0110\u00f4ng H\u00e0", "Huy\u1ec7n Cam L\u1ed9", "Huy\u1ec7n C\u1ed3n C\u1ecf", "Huy\u1ec7n \u0110a Kr\u00f4ng", "Huy\u1ec7n Gio Linh", "Huy\u1ec7n H\u1ea3i L\u0103ng", "Huy\u1ec7n H\u01b0\u1edbng H\u00f3a", "Huy\u1ec7n Tri\u1ec7u Phong", "Huy\u1ec7n V\u0129nh Linh", "Th\u1ecb x\u00e3 Qu\u1ea3ng Tr\u1ecb"], "T\u1ec9nh S\u00f3c Tr\u0103ng": ["Th\u00e0nh ph\u1ed1 S\u00f3c Tr\u0103ng", "Huy\u1ec7n Ch\u00e2u Th\u00e0nh", "Huy\u1ec7n C\u00f9 Lao Dung", "Huy\u1ec7n K\u1ebf S\u00e1ch", "Huy\u1ec7n Long Ph\u00fa", "Huy\u1ec7n M\u1ef9 T\u00fa", "Huy\u1ec7n M\u1ef9 Xuy\u00ean", "Huy\u1ec7n Th\u1ea1nh Tr\u1ecb", "Huy\u1ec7n Tr\u1ea7n \u0110\u1ec1", "Th\u1ecb x\u00e3 Ng\u00e3 N\u0103m", "Th\u1ecb x\u00e3 V\u0129nh Ch\u00e2u"], "T\u1ec9nh S\u01a1n La": ["Th\u00e0nh ph\u1ed1 S\u01a1n La", "Huy\u1ec7n B\u1eafc Y\u00ean", "Huy\u1ec7n Mai S\u01a1n", "Huy\u1ec7n M\u1ed9c Ch\u00e2u", "Huy\u1ec7n M\u01b0\u1eddng La", "Huy\u1ec7n Ph\u00f9 Y\u00ean", "Huy\u1ec7n Qu\u1ef3nh Nhai", "Huy\u1ec7n S\u00f4ng M\u00e3", "Huy\u1ec7n S\u1ed1p C\u1ed9p", "Huy\u1ec7n Thu\u1eadn Ch\u00e2u", "Huy\u1ec7n V\u00e2n H\u1ed3", "Huy\u1ec7n Y\u00ean Ch\u00e2u"], "T\u1ec9nh T\u00e2y Ninh": ["Th\u00e0nh ph\u1ed1 T\u00e2y Ninh", "Huy\u1ec7n B\u1ebfn C\u1ea7u", "Huy\u1ec7n Ch\u00e2u Th\u00e0nh", "Huy\u1ec7n D\u01b0\u01a1ng Minh Ch\u00e2u", "Huy\u1ec7n G\u00f2 D\u1ea7u", "Huy\u1ec7n T\u00e2n Bi\u00ean", "Huy\u1ec7n T\u00e2n Ch\u00e2u", "Th\u1ecb x\u00e3 Tr\u1ea3ng B\u00e0ng", "Th\u1ecb x\u00e3 H\u00f2a Th\u00e0nh"], "T\u1ec9nh Th\u00e1i B\u00ecnh": ["Th\u00e0nh ph\u1ed1 Th\u00e1i B\u00ecnh", "Huy\u1ec7n \u0110\u00f4ng H\u01b0ng", "Huy\u1ec7n H\u01b0ng H\u00e0", "Huy\u1ec7n Ki\u1ebfn X\u01b0\u01a1ng", "Huy\u1ec7n Qu\u1ef3nh Ph\u1ee5", "Huy\u1ec7n Th\u00e1i Th\u1ee5y", "Huy\u1ec7n Ti\u1ec1n H\u1ea3i", "Huy\u1ec7n V\u0169 Th\u01b0"], "T\u1ec9nh Th\u00e1i Nguy\u00ean": ["Th\u00e0nh ph\u1ed1 Th\u00e1i Nguy\u00ean", "Huy\u1ec7n \u0110\u1ea1i T\u1eeb", "Huy\u1ec7n \u0110\u1ecbnh H\u00f3a", "Huy\u1ec7n \u0110\u1ed3ng H\u1ef7", "Huy\u1ec7n Ph\u00fa B\u00ecnh", "Huy\u1ec7n Ph\u00fa L\u01b0\u01a1ng", "Huy\u1ec7n V\u00f5 Nhai", "Th\u00e0nh ph\u1ed1 Ph\u1ed5 Y\u00ean", "Th\u00e0nh ph\u1ed1 S\u00f4ng C\u00f4ng"], "T\u1ec9nh Thanh H\u00f3a": ["Th\u00e0nh ph\u1ed1 Thanh H\u00f3a", "Huy\u1ec7n B\u00e1 Th\u01b0\u1edbc", "Huy\u1ec7n C\u1ea9m Th\u1ee7y", "Huy\u1ec7n \u0110\u00f4ng S\u01a1n", "Huy\u1ec7n H\u00e0 Trung", "Huy\u1ec7n H\u1eadu L\u1ed9c", "Huy\u1ec7n Ho\u1eb1ng H\u00f3a", "Huy\u1ec7n Lang Ch\u00e1nh", "Huy\u1ec7n M\u01b0\u1eddng L\u00e1t", "Huy\u1ec7n Nga S\u01a1n", "Huy\u1ec7n Ng\u1ecdc L\u1eb7c", "Huy\u1ec7n Nh\u01b0 Thanh", "Huy\u1ec7n Nh\u01b0 Xu\u00e2n", "Huy\u1ec7n N\u00f4ng C\u1ed1ng", "Huy\u1ec7n Quan H\u00f3a", "Huy\u1ec7n Quan S\u01a1n", "Huy\u1ec7n Qu\u1ea3ng X\u01b0\u01a1ng", "Huy\u1ec7n Th\u1ea1ch Th\u00e0nh", "Huy\u1ec7n Thi\u1ec7u H\u00f3a", "Huy\u1ec7n Th\u1ecd Xu\u00e2n", "Huy\u1ec7n Th\u01b0\u1eddng Xu\u00e2n", "Huy\u1ec7n Tri\u1ec7u S\u01a1n", "Huy\u1ec7n V\u0129nh L\u1ed9c", "Huy\u1ec7n Y\u00ean \u0110\u1ecbnh", "Th\u00e0nh ph\u1ed1 S\u1ea7m S\u01a1n", "Th\u1ecb x\u00e3 B\u1ec9m S\u01a1n", "Th\u1ecb x\u00e3 Nghi S\u01a1n"], "T\u1ec9nh Th\u1eeba Thi\u00ean Hu\u1ebf": ["Th\u00e0nh ph\u1ed1 Hu\u1ebf", "Huy\u1ec7n Phong \u0110i\u1ec1n", "Huy\u1ec7n Ph\u00fa L\u1ed9c", "Huy\u1ec7n Ph\u00fa Vang", "Huy\u1ec7n Qu\u1ea3ng \u0110i\u1ec1n", "Th\u1ecb x\u00e3 H\u01b0\u01a1ng Th\u1ee7y", "Th\u1ecb x\u00e3 H\u01b0\u01a1ng Tr\u00e0", "Huy\u1ec7n A L\u01b0\u1edbi", "Huy\u1ec7n Nam \u0110\u00f4ng"], "T\u1ec9nh Ti\u1ec1n Giang": ["Th\u00e0nh ph\u1ed1 M\u1ef9 Tho", "Huy\u1ec7n C\u00e1i B\u00e8", "Huy\u1ec7n Cai L\u1eady", "Huy\u1ec7n Ch\u00e2u Th\u00e0nh", "Huy\u1ec7n Ch\u1ee3 G\u1ea1o", "Huy\u1ec7n G\u00f2 C\u00f4ng \u0110\u00f4ng", "Huy\u1ec7n G\u00f2 C\u00f4ng T\u00e2y", "Huy\u1ec7n T\u00e2n Ph\u00fa \u0110\u00f4ng", "Huy\u1ec7n T\u00e2n Ph\u01b0\u1edbc", "Th\u1ecb x\u00e3 Cai L\u1eady", "Th\u1ecb x\u00e3 G\u00f2 C\u00f4ng"], "T\u1ec9nh Tr\u00e0 Vinh": ["Th\u00e0nh ph\u1ed1 Tr\u00e0 Vinh", "Huy\u1ec7n C\u00e0ng Long", "Huy\u1ec7n C\u1ea7u K\u00e8", "Huy\u1ec7n C\u1ea7u Ngang", "Huy\u1ec7n Ch\u00e2u Th\u00e0nh", "Huy\u1ec7n Duy\u00ean H\u1ea3i", "Huy\u1ec7n Ti\u1ec3u C\u1ea7n", "Huy\u1ec7n Tr\u00e0 C\u00fa", "Th\u1ecb x\u00e3 Duy\u00ean H\u1ea3i"], "T\u1ec9nh Tuy\u00ean Quang": ["Th\u00e0nh ph\u1ed1 Tuy\u00ean Quang", "Huy\u1ec7n Chi\u00eam H\u00f3a", "Huy\u1ec7n H\u00e0m Y\u00ean", "Huy\u1ec7n L\u00e2m B\u00ecnh", "Huy\u1ec7n Na Hang", "Huy\u1ec7n S\u01a1n D\u01b0\u01a1ng", "Huy\u1ec7n Y\u00ean S\u01a1n"], "T\u1ec9nh V\u0129nh Long": ["Th\u00e0nh ph\u1ed1 V\u0129nh Long", "Huy\u1ec7n B\u00ecnh T\u00e2n", "Huy\u1ec7n Long H\u1ed3", "Huy\u1ec7n Mang Th\u00edt", "Huy\u1ec7n Tam B\u00ecnh", "Huy\u1ec7n Tr\u00e0 \u00d4n", "Huy\u1ec7n V\u0169ng Li\u00eam", "Th\u1ecb x\u00e3 B\u00ecnh Minh"], "T\u1ec9nh V\u0129nh Ph\u00fac": ["Th\u00e0nh ph\u1ed1 V\u0129nh Y\u00ean", "Huy\u1ec7n B\u00ecnh Xuy\u00ean", "Huy\u1ec7n L\u1eadp Th\u1ea1ch", "Huy\u1ec7n S\u00f4ng L\u00f4", "Huy\u1ec7n Tam D\u01b0\u01a1ng", "Huy\u1ec7n Tam \u0110\u1ea3o", "Huy\u1ec7n V\u0129nh T\u01b0\u1eddng", "Huy\u1ec7n Y\u00ean L\u1ea1c", "Th\u00e0nh ph\u1ed1 Ph\u00fac Y\u00ean"], "T\u1ec9nh Y\u00ean B\u00e1i": ["Th\u00e0nh ph\u1ed1 Y\u00ean B\u00e1i", "Huy\u1ec7n L\u1ee5c Y\u00ean", "Huy\u1ec7n M\u00f9 C\u0103ng Ch\u1ea3i", "Huy\u1ec7n Tr\u1ea1m T\u1ea5u", "Huy\u1ec7n Tr\u1ea5n Y\u00ean", "Huy\u1ec7n V\u0103n Ch\u1ea5n", "Huy\u1ec7n V\u0103n Y\u00ean", "Huy\u1ec7n Y\u00ean B\u00ecnh", "Th\u1ecb x\u00e3 Ngh\u0129a L\u1ed9"]}